Event number of finishers,age_at_race,hours,avgtemp,Elevation gain
72,53.0,14.658611111111112,16,11000
130,46.0,15.604166666666666,25,10000
124,53.0,10.43388888888889,9,4000
92,61.0,12.780555555555557,15,4000
87,56.0,10.463888888888889,11,4000
146,48.0,13.74638888888889,21,6000
84,50.0,17.186944444444446,10,4000
197,37.0,13.363055555555556,18,3200
201,50.0,14.985277777777778,23,10000
193,54.0,13.83388888888889,23,3200
49,55.0,17.41888888888889,18,6000
78,51.0,14.507222222222222,19,4000
123,35.0,15.685555555555556,26,3200
164,39.0,11.90972222222222,26,6000
221,28.0,7.978611111111111,22,3200
75,39.0,23.888055555555557,17,6000
96,18.0,9.70138888888889,12,4000
166,38.0,13.2725,24,10000
138,31.0,9.196944444444444,23,6000
193,49.0,17.282222222222224,23,3200
151,37.0,17.211944444444445,23,6000
221,55.0,16.475,22,3200
36,41.0,15.8275,27,5600
109,47.0,10.89611111111111,11,4000
84,35.0,10.368333333333334,10,4000
83,47.0,13.749444444444444,25,3200
146,34.0,9.411944444444444,21,6000
92,40.0,9.97888888888889,15,4000
151,37.0,14.287222222222224,23,6000
193,55.0,21.07611111111111,23,3200
84,33.0,8.539166666666667,10,4000
156,46.0,12.437777777777775,23,6000
20,49.0,16.639444444444443,22,9000
50,35.0,20.51,18,11000
221,32.0,15.235555555555557,22,3200
140,37.0,10.428333333333333,22,6000
35,63.0,17.005,13,6000
121,47.0,13.4075,18,10000
55,41.0,12.964722222222225,28,5600
151,46.0,15.19111111111111,23,6000
75,29.0,22.967222222222222,17,6000
154,50.0,11.716388888888888,24,10000
189,49.0,9.764444444444443,21,6000
151,33.0,13.408333333333331,23,6000
170,30.0,15.279722222222222,26,10000
92,65.0,15.581944444444444,15,4000
141,41.0,11.839166666666667,19,10000
130,54.0,19.193055555555556,25,10000
201,51.0,14.87888888888889,23,10000
130,42.0,15.261666666666668,25,10000
123,41.0,18.0675,26,3200
40,42.0,16.929166666666667,28,5600
50,61.0,13.964166666666667,18,11000
156,42.0,10.171388888888888,23,6000
103,50.0,9.076944444444443,13,4000
159,50.0,17.965833333333332,22,3200
109,47.0,20.962222222222223,17,4000
78,30.0,8.830277777777777,19,4000
193,38.0,21.9925,23,3200
201,40.0,12.42027777777778,23,10000
221,38.0,10.96,22,3200
160,29.0,10.953888888888889,21,6000
57,40.0,11.450555555555557,24,9000
92,39.0,9.900555555555556,15,4000
221,53.0,15.865,22,3200
97,33.0,12.926388888888887,18,3200
160,54.0,16.39,21,6000
28,38.0,15.290555555555557,22,9000
99,52.0,14.73638888888889,18,4000
100,49.0,15.946666666666667,4,4000
91,57.0,15.212222222222222,28,5600
103,43.0,11.201944444444443,13,4000
103,51.0,14.588888888888889,17,3200
197,42.0,21.76972222222222,18,3200
221,51.0,17.82611111111111,22,3200
99,55.0,12.972777777777775,18,4000
126,28.0,16.490833333333335,15,3200
58,43.0,12.169166666666667,28,5600
60,37.0,15.95861111111111,28,5600
99,50.0,13.675555555555556,18,4000
154,33.0,10.871944444444445,24,10000
109,55.0,13.949722222222222,17,4000
146,27.0,14.843055555555557,21,6000
102,45.0,19.801666666666662,20,3200
100,60.0,11.016944444444444,4,4000
68,50.0,16.750555555555554,22,9000
197,55.0,17.071944444444444,18,3200
76,46.0,13.850833333333334,9,11000
109,45.0,9.9275,11,4000
91,48.0,15.867777777777778,28,5600
67,45.0,13.068055555555556,17,9000
103,55.0,23.566666666666663,17,3200
97,45.0,17.40388888888889,28,5600
172,71.0,15.972777777777775,22,10000
38,44.0,17.725555555555555,18,6000
109,31.0,19.56833333333333,19,3200
166,36.0,12.162222222222224,24,10000
100,51.0,12.88861111111111,4,4000
103,57.0,23.177777777777777,17,3200
99,29.0,13.039166666666668,18,4000
126,46.0,15.821388888888889,15,3200
28,37.0,13.824166666666668,22,9000
126,35.0,13.885833333333334,15,3200
164,42.0,13.809166666666666,26,6000
72,55.0,12.864444444444445,16,11000
50,50.0,24.458055555555557,18,11000
108,40.0,8.8025,22,6000
80,33.0,14.274722222222222,28,5600
77,40.0,14.194722222222222,29,5600
189,59.0,12.384166666666667,21,6000
189,45.0,13.483333333333333,21,6000
141,63.0,16.65222222222222,19,10000
154,52.0,14.863055555555556,24,10000
130,39.0,12.1575,25,10000
221,52.0,14.494722222222222,22,3200
140,34.0,10.88888888888889,19,10000
55,46.0,15.565833333333334,21,11000
121,60.0,11.770555555555555,18,10000
140,51.0,14.422777777777778,19,10000
164,52.0,15.5075,26,6000
83,31.0,12.805,28,5600
60,43.0,14.776111111111112,28,5600
91,43.0,10.221388888888889,28,5600
24,41.0,16.682222222222222,17,6000
61,60.0,17.43,21,9000
109,36.0,10.9425,17,4000
100,51.0,10.535277777777775,4,4000
166,34.0,12.73611111111111,24,10000
87,58.0,13.9175,11,4000
151,44.0,13.403611111111111,23,6000
63,60.0,23.321944444444444,8,11000
151,57.0,15.311388888888889,23,6000
66,34.0,11.129722222222222,15,11000
161,60.0,23.280555555555555,24,3200
201,29.0,10.18388888888889,23,10000
138,33.0,12.588611111111112,23,6000
109,40.0,15.175555555555556,17,4000
154,49.0,14.137222222222222,24,10000
154,55.0,15.018611111111111,24,10000
159,30.0,13.043055555555556,22,3200
123,44.0,19.398611111111112,26,3200
68,65.0,17.761388888888888,22,9000
96,69.0,13.301111111111112,12,4000
109,66.0,16.97861111111111,19,3200
140,42.0,9.730277777777776,19,10000
197,47.0,23.525555555555556,18,3200
100,43.0,11.943333333333332,15,4000
154,63.0,14.341666666666669,24,10000
50,33.0,15.9075,18,11000
151,36.0,14.346388888888889,23,6000
156,30.0,13.165,23,6000
170,33.0,16.843888888888888,26,10000
63,40.0,14.655277777777778,21,9000
189,55.0,10.95,21,6000
54,38.0,14.366944444444444,21,11000
71,38.0,13.749166666666667,12,11000
21,53.0,18.70888888888889,20,9000
159,34.0,13.435555555555556,22,3200
141,33.0,11.801388888888887,19,10000
197,56.0,15.328888888888889,18,3200
40,54.0,13.302222222222222,28,5600
126,32.0,9.190277777777778,15,3200
84,48.0,7.9255555555555555,10,4000
164,40.0,11.755555555555556,26,6000
96,26.0,7.878888888888889,12,4000
109,27.0,13.23611111111111,17,4000
164,32.0,10.389722222222222,26,6000
172,37.0,17.503055555555555,22,10000
89,51.0,9.907777777777778,23,6000
201,27.0,16.088055555555556,23,10000
103,43.0,12.427222222222222,12,4000
24,33.0,19.584722222222226,17,6000
40,56.0,16.891666666666666,20,9000
124,50.0,11.633611111111112,9,4000
141,45.0,14.325555555555557,19,10000
66,32.0,14.938611111111111,15,11000
21,54.0,13.64861111111111,20,9000
65,44.0,22.453611111111112,9,11000
97,30.0,15.500277777777775,28,5600
121,27.0,15.658888888888889,18,10000
81,36.0,11.791666666666666,28,5600
151,29.0,13.536944444444444,23,6000
52,46.0,10.85388888888889,13,6000
52,27.0,15.408333333333331,13,6000
81,44.0,15.873333333333331,28,5600
172,39.0,14.981388888888889,22,10000
151,42.0,12.905833333333334,23,6000
103,60.0,13.127777777777778,12,4000
83,42.0,18.487222222222226,28,5600
44,46.0,16.036944444444444,29,5600
126,50.0,13.215,15,3200
103,45.0,21.55611111111111,17,3200
138,38.0,12.047777777777778,23,6000
55,41.0,17.28361111111111,21,11000
221,47.0,18.388333333333332,22,3200
24,36.0,21.191111111111113,17,6000
72,58.0,18.474166666666665,16,11000
138,55.0,10.804444444444444,23,6000
84,47.0,11.809722222222222,10,4000
60,61.0,16.465833333333332,28,5600
172,54.0,13.272222222222222,22,10000
97,38.0,11.960277777777778,28,5600
109,39.0,11.326666666666666,17,4000
97,48.0,17.993055555555557,28,5600
151,37.0,15.730277777777776,23,6000
109,39.0,8.215555555555556,11,4000
159,34.0,11.651944444444444,22,3200
63,25.0,13.653888888888888,21,9000
193,32.0,15.15638888888889,23,3200
159,47.0,15.913055555555555,22,3200
140,25.0,11.370555555555557,19,10000
199,45.0,14.255833333333332,24,3200
102,28.0,15.301388888888887,20,3200
199,42.0,27.16611111111111,24,3200
76,37.0,18.510555555555555,9,11000
63,25.0,21.385833333333338,8,11000
128,55.0,13.568888888888887,21,10000
100,65.0,13.2625,15,4000
17,71.0,19.26555555555555,18,9000
71,45.0,15.3275,12,11000
193,40.0,19.025277777777777,23,3200
79,36.0,16.642222222222223,9,11000
189,46.0,16.366666666666667,21,6000
38,34.0,13.482222222222225,18,6000
102,36.0,17.005,20,3200
67,34.0,19.198888888888888,17,9000
91,35.0,14.376666666666669,28,5600
143,41.0,11.386388888888888,27,10000
124,69.0,27.77861111111111,9,4000
50,32.0,13.29888888888889,18,11000
123,30.0,16.441666666666666,26,3200
128,40.0,13.587777777777776,21,10000
76,35.0,18.989444444444445,9,11000
161,50.0,21.539722222222224,24,3200
170,42.0,11.636388888888888,26,10000
156,53.0,18.821666666666665,23,6000
63,63.0,17.99138888888889,21,9000
100,81.0,14.973611111111111,15,4000
65,30.0,18.63361111111111,9,11000
72,38.0,18.65361111111111,16,11000
109,57.0,17.941666666666666,19,3200
87,54.0,13.114722222222222,11,4000
166,53.0,14.403333333333334,24,10000
126,53.0,16.990277777777777,15,3200
17,32.0,12.626944444444444,18,9000
140,30.0,8.84,22,6000
82,42.0,13.557777777777778,10,11000
156,45.0,15.824166666666668,23,6000
43,34.0,15.317222222222222,23,3200
109,62.0,20.934722222222224,19,3200
83,61.0,15.726666666666668,25,3200
63,62.0,16.190833333333334,21,9000
54,39.0,14.866944444444444,21,11000
193,46.0,17.45888888888889,23,3200
197,30.0,17.051388888888887,18,3200
221,63.0,13.189166666666669,22,3200
100,66.0,13.172222222222222,4,4000
91,35.0,16.863333333333333,28,5600
42,28.0,13.45472222222222,20,6000
156,52.0,13.683333333333334,23,6000
221,47.0,20.0425,22,3200
123,73.0,15.146944444444443,26,3200
201,30.0,13.139722222222222,23,10000
61,44.0,19.46444444444445,21,9000
109,31.0,15.975833333333334,17,4000
61,39.0,15.071111111111112,21,9000
82,42.0,19.57638888888889,10,11000
159,57.0,16.592777777777776,22,3200
26,49.0,20.0975,23,6000
221,44.0,15.481111111111112,22,3200
38,41.0,21.316944444444445,18,6000
57,34.0,16.645833333333332,19,3200
57,48.0,17.821666666666665,24,9000
103,58.0,12.947222222222225,12,4000
166,36.0,13.75611111111111,24,10000
140,41.0,13.857222222222225,22,6000
50,51.0,16.72222222222222,18,9000
146,48.0,10.323611111111113,21,6000
65,41.0,27.61694444444445,9,11000
199,31.0,10.520555555555555,24,3200
100,69.0,16.49277777777778,4,4000
199,45.0,20.630277777777778,24,3200
49,28.0,9.88861111111111,18,6000
221,31.0,16.031388888888888,22,3200
141,41.0,11.468055555555557,19,10000
164,41.0,17.68611111111111,26,6000
199,50.0,12.241666666666667,24,3200
201,36.0,10.391111111111112,23,10000
68,39.0,14.889166666666666,22,9000
97,39.0,13.267777777777775,28,5600
143,61.0,12.648888888888887,27,10000
141,34.0,11.893333333333333,19,10000
161,33.0,13.880833333333332,24,3200
221,55.0,23.626944444444444,22,3200
60,43.0,9.795555555555556,28,5600
126,45.0,15.529444444444444,15,3200
55,28.0,16.448055555555555,21,11000
103,40.0,9.689722222222224,12,4000
66,35.0,17.038888888888888,6,11000
193,53.0,19.3225,23,3200
170,37.0,18.771944444444443,26,10000
76,40.0,24.95888888888889,9,11000
201,30.0,9.446666666666667,23,10000
109,66.0,12.924722222222222,17,4000
102,33.0,18.456666666666667,20,3200
109,27.0,16.13138888888889,19,3200
199,59.0,16.70611111111111,24,3200
221,46.0,14.376666666666669,22,3200
103,63.0,20.950277777777774,17,3200
161,46.0,10.68,24,3200
161,27.0,19.976944444444445,24,3200
161,38.0,10.241111111111111,24,3200
123,39.0,16.10638888888889,26,3200
140,52.0,19.545555555555556,22,6000
66,52.0,13.998611111111112,6,11000
197,62.0,18.48472222222222,18,3200
130,40.0,11.543611111111112,25,10000
21,58.0,11.811666666666667,20,9000
60,28.0,11.465555555555556,28,5600
140,40.0,11.728055555555557,19,10000
79,41.0,24.53638888888889,9,11000
189,46.0,11.234722222222222,21,6000
71,41.0,11.400833333333331,12,11000
199,32.0,12.148888888888887,24,3200
154,45.0,8.91,24,10000
199,57.0,19.169722222222223,24,3200
160,25.0,7.860555555555556,21,6000
103,60.0,12.748055555555556,13,4000
161,56.0,16.0675,24,3200
76,30.0,17.17972222222222,9,11000
201,38.0,11.858333333333333,23,10000
140,50.0,12.489444444444445,22,6000
126,30.0,14.128055555555555,15,3200
159,58.0,13.534166666666666,22,3200
128,30.0,10.95,21,10000
128,49.0,14.258055555555556,21,10000
92,64.0,13.319166666666666,15,4000
63,46.0,15.880833333333332,21,9000
102,46.0,20.095277777777778,20,3200
71,41.0,14.786944444444444,12,11000
17,47.0,18.502222222222223,18,9000
166,47.0,11.770555555555555,24,10000
102,56.0,16.750555555555554,20,3200
97,42.0,14.348888888888888,18,3200
138,40.0,9.264444444444443,23,6000
54,57.0,21.59777777777778,21,11000
124,52.0,17.75611111111111,9,4000
166,46.0,17.58138888888889,24,10000
84,62.0,10.495833333333334,10,4000
61,37.0,13.525277777777776,21,9000
161,47.0,15.7075,24,3200
97,53.0,17.6825,18,3200
140,56.0,9.839444444444444,22,6000
82,57.0,21.266111111111112,10,11000
154,36.0,8.585277777777778,24,10000
161,44.0,16.3625,24,3200
138,24.0,7.411388888888889,23,6000
50,53.0,16.711666666666666,18,9000
166,48.0,15.679444444444444,24,10000
172,48.0,12.265833333333331,22,10000
199,33.0,17.10638888888889,24,3200
140,53.0,18.852777777777774,22,6000
103,46.0,13.915,12,4000
121,49.0,11.631388888888887,18,10000
172,30.0,15.489166666666666,22,10000
75,51.0,18.505555555555556,17,6000
121,50.0,15.376944444444444,18,10000
57,52.0,22.057222222222222,19,3200
102,40.0,14.05888888888889,20,3200
172,39.0,15.108611111111111,22,10000
100,36.0,9.643888888888888,4,4000
140,34.0,14.384166666666667,19,10000
193,42.0,21.0225,23,3200
63,31.0,12.611666666666666,21,9000
197,39.0,11.834722222222222,18,3200
189,54.0,12.366666666666667,21,6000
72,44.0,16.432777777777776,16,11000
126,47.0,17.361944444444443,15,3200
201,39.0,15.231111111111112,23,10000
166,52.0,15.075,24,10000
164,39.0,12.062777777777775,26,6000
128,58.0,13.632777777777775,21,10000
166,43.0,8.649722222222222,24,10000
109,61.0,11.207777777777778,17,4000
109,41.0,13.131388888888887,19,3200
100,46.0,10.945,4,4000
84,52.0,11.9525,10,4000
81,56.0,17.258333333333333,28,5600
103,54.0,14.66388888888889,17,3200
189,52.0,11.533611111111112,21,6000
189,43.0,14.100277777777778,21,6000
189,53.0,10.70111111111111,21,6000
89,42.0,12.649722222222222,23,6000
100,72.0,14.867222222222225,15,4000
197,49.0,14.589444444444444,18,3200
160,36.0,12.005833333333332,21,6000
123,46.0,17.389722222222222,26,3200
130,47.0,17.10861111111111,25,10000
201,37.0,9.953333333333331,23,10000
143,25.0,9.198333333333334,27,10000
124,33.0,16.22,9,4000
63,39.0,15.886388888888888,8,11000
80,57.0,13.895,28,5600
109,35.0,9.169444444444444,11,4000
138,58.0,12.846666666666666,23,6000
65,47.0,13.429444444444444,9,11000
14,41.0,13.355555555555556,19,6000
138,43.0,18.825,23,6000
103,50.0,13.18361111111111,13,4000
193,43.0,18.414722222222224,23,3200
164,46.0,10.957777777777778,26,6000
221,64.0,19.077222222222225,22,3200
164,27.0,10.526388888888889,26,6000
60,44.0,16.050833333333333,27,5600
91,43.0,15.886388888888888,28,5600
109,63.0,13.389722222222222,17,4000
99,54.0,11.113333333333332,18,4000
82,42.0,13.5975,10,11000
83,35.0,10.817222222222222,25,3200
159,48.0,18.337777777777777,22,3200
124,60.0,12.220833333333331,9,4000
221,51.0,11.721388888888889,22,3200
146,29.0,12.780277777777778,21,6000
61,39.0,14.026111111111112,21,9000
66,41.0,18.023055555555555,15,11000
199,60.0,15.004722222222222,24,3200
40,51.0,22.79694444444445,20,9000
201,57.0,15.011111111111113,23,10000
66,50.0,10.366944444444444,6,11000
109,62.0,24.870833333333337,19,3200
54,39.0,21.38361111111111,21,11000
141,38.0,13.041666666666666,19,10000
57,46.0,19.31833333333333,19,3200
123,42.0,18.064444444444444,26,3200
109,38.0,13.210555555555556,11,4000
79,24.0,10.089166666666667,9,11000
201,53.0,15.664444444444444,23,10000
151,46.0,15.3775,23,6000
138,42.0,15.117222222222225,23,6000
151,50.0,14.6575,23,6000
100,36.0,11.4125,15,4000
156,23.0,14.513055555555557,23,6000
97,27.0,14.565833333333334,18,3200
65,39.0,21.860555555555557,9,11000
140,57.0,13.645277777777778,19,10000
140,41.0,11.106944444444444,19,10000
201,38.0,15.945277777777775,23,10000
189,38.0,11.600833333333334,21,6000
100,59.0,28.68,15,4000
189,32.0,9.290555555555557,21,6000
81,48.0,14.552222222222222,28,5600
65,47.0,20.815833333333337,9,11000
159,49.0,16.44388888888889,22,3200
170,36.0,17.23472222222222,26,10000
199,47.0,13.544722222222225,24,3200
189,49.0,16.734166666666667,21,6000
87,70.0,14.034444444444444,11,4000
140,44.0,9.899444444444445,19,10000
172,50.0,11.374444444444444,22,10000
164,45.0,17.323611111111113,26,6000
197,54.0,14.96888888888889,18,3200
60,66.0,14.259722222222225,28,5600
221,49.0,17.360555555555557,22,3200
128,41.0,15.801666666666666,21,10000
109,68.0,13.545,17,4000
154,39.0,9.69361111111111,24,10000
103,31.0,13.341388888888888,12,4000
97,35.0,13.756388888888887,18,3200
121,34.0,15.653888888888888,18,10000
89,32.0,11.667222222222222,23,6000
221,32.0,25.400555555555556,22,3200
102,48.0,18.05611111111111,20,3200
75,26.0,19.1425,17,6000
193,60.0,17.869444444444444,23,3200
100,60.0,14.171111111111111,15,4000
63,24.0,16.843333333333334,8,11000
60,29.0,17.249166666666667,28,5600
72,51.0,20.4775,16,11000
140,39.0,12.418055555555556,22,6000
121,71.0,14.707222222222224,18,10000
103,48.0,8.765555555555556,12,4000
84,75.0,14.818333333333332,10,4000
89,57.0,12.325833333333334,23,6000
141,31.0,12.648888888888887,19,10000
124,48.0,9.201944444444443,9,4000
103,56.0,10.352222222222222,13,4000
221,64.0,15.104166666666666,22,3200
80,34.0,9.350555555555555,28,5600
121,43.0,10.352222222222222,18,10000
161,43.0,23.770555555555557,24,3200
100,43.0,11.16611111111111,4,4000
103,52.0,16.22861111111111,17,3200
201,45.0,12.343333333333334,23,10000
121,50.0,16.154166666666665,18,10000
126,30.0,13.805,15,3200
138,36.0,9.77138888888889,23,6000
109,38.0,10.12,19,3200
121,47.0,12.234166666666669,18,10000
123,32.0,27.431944444444444,26,3200
197,37.0,13.938055555555556,18,3200
84,16.0,14.602222222222222,10,4000
58,51.0,11.620833333333334,22,6000
76,49.0,22.685277777777777,9,11000
126,29.0,14.14638888888889,15,3200
201,29.0,11.736944444444443,23,10000
197,28.0,19.342777777777776,18,3200
100,52.0,6.194444444444445,4,4000
57,35.0,11.273055555555556,24,9000
54,48.0,13.693055555555556,21,11000
143,60.0,13.238333333333332,27,10000
68,37.0,11.466388888888888,22,9000
130,31.0,15.945,25,10000
36,45.0,18.63083333333333,27,5600
193,63.0,19.620555555555555,23,3200
156,31.0,16.04111111111111,23,6000
71,35.0,12.001111111111111,12,11000
172,32.0,15.436111111111112,22,10000
102,51.0,17.927777777777777,20,3200
75,57.0,15.80638888888889,17,6000
156,45.0,16.908055555555556,23,6000
66,34.0,10.17388888888889,6,11000
172,54.0,14.438333333333333,22,10000
102,25.0,17.080555555555556,20,3200
72,34.0,15.562777777777775,16,11000
103,51.0,11.955555555555556,13,4000
63,59.0,19.768055555555556,8,11000
20,41.0,17.278333333333332,22,9000
201,34.0,10.45472222222222,23,10000
58,42.0,14.351666666666668,22,6000
130,38.0,11.898055555555556,25,10000
97,31.0,15.003333333333334,18,3200
68,58.0,14.235555555555557,22,9000
68,49.0,18.446666666666665,22,9000
108,34.0,13.305833333333334,22,6000
57,36.0,10.74611111111111,24,9000
189,37.0,9.867777777777778,21,6000
126,44.0,15.776666666666667,15,3200
109,38.0,12.060555555555556,19,3200
128,42.0,10.470277777777778,21,10000
159,44.0,21.393055555555556,22,3200
109,45.0,11.313055555555556,11,4000
83,38.0,21.97861111111111,25,3200
103,63.0,13.000277777777775,13,4000
221,42.0,12.655555555555557,22,3200
50,58.0,16.213333333333335,18,9000
75,40.0,13.7775,17,6000
201,61.0,13.546111111111111,23,10000
161,41.0,18.42888888888889,24,3200
154,48.0,15.12861111111111,24,10000
156,53.0,9.916666666666666,23,6000
197,52.0,17.163333333333334,18,3200
199,34.0,13.476944444444444,24,3200
161,30.0,21.468888888888888,24,3200
63,50.0,14.755,8,11000
100,51.0,10.598333333333333,4,4000
166,47.0,10.798333333333334,24,10000
151,69.0,17.657777777777778,23,6000
143,44.0,13.436111111111112,27,10000
83,30.0,12.935277777777776,28,5600
154,41.0,12.521666666666668,24,10000
126,40.0,16.3125,15,3200
201,53.0,14.789166666666668,23,10000
156,30.0,13.165555555555557,23,6000
193,66.0,20.644166666666667,23,3200
159,30.0,14.549722222222222,22,3200
128,33.0,11.754722222222222,21,10000
146,46.0,13.078888888888889,21,6000
60,33.0,13.448888888888888,27,5600
109,75.0,19.379722222222224,19,3200
99,45.0,12.416944444444445,18,4000
55,32.0,13.13111111111111,28,5600
38,42.0,18.470277777777778,18,6000
221,42.0,16.004444444444445,22,3200
193,57.0,17.97111111111111,23,3200
166,42.0,16.151944444444446,24,10000
164,45.0,11.362777777777778,26,6000
166,46.0,12.635277777777778,24,10000
154,39.0,11.728333333333332,24,10000
97,40.0,11.867777777777778,28,5600
14,65.0,15.418611111111112,23,9000
61,65.0,18.7475,21,9000
189,33.0,14.100555555555555,21,6000
172,37.0,10.676666666666666,22,10000
170,43.0,15.148888888888887,26,10000
170,48.0,16.023611111111112,26,10000
89,29.0,10.5075,23,6000
55,31.0,14.132777777777775,28,5600
141,44.0,11.876111111111111,19,10000
34,21.0,10.545,22,6000
35,35.0,22.47972222222222,13,6000
201,50.0,11.891388888888889,23,10000
84,36.0,10.702222222222222,10,4000
58,37.0,9.117777777777778,22,6000
68,30.0,16.741944444444446,22,9000
126,44.0,13.173055555555557,15,3200
83,40.0,14.49611111111111,28,5600
81,53.0,12.555555555555555,28,5600
89,50.0,12.73611111111111,23,6000
193,25.0,21.998333333333335,23,3200
55,41.0,15.788055555555555,26,9000
54,54.0,19.664166666666667,21,11000
130,49.0,11.091944444444444,25,10000
57,46.0,11.886111111111113,24,9000
89,43.0,13.151111111111112,23,6000
55,39.0,19.434166666666663,21,11000
99,28.0,8.091944444444444,18,4000
130,60.0,16.406944444444445,25,10000
109,31.0,10.353333333333332,17,4000
63,37.0,14.26722222222222,21,9000
221,46.0,25.669444444444444,22,3200
201,37.0,16.449444444444445,23,10000
128,50.0,15.01722222222222,21,10000
35,47.0,20.869444444444444,13,6000
141,52.0,13.778888888888888,19,10000
221,33.0,19.321666666666665,22,3200
80,55.0,14.930833333333334,28,5600
109,61.0,19.56861111111111,19,3200
102,26.0,12.913055555555555,20,3200
75,53.0,16.18,17,6000
170,46.0,17.43111111111111,26,10000
151,34.0,12.915555555555557,23,6000
109,29.0,12.690555555555555,17,4000
143,34.0,13.842777777777778,27,10000
103,45.0,17.692222222222224,17,3200
108,40.0,11.371944444444445,22,6000
221,36.0,10.81611111111111,22,3200
103,49.0,13.123333333333331,12,4000
123,54.0,26.76222222222222,26,3200
221,59.0,13.410833333333333,22,3200
100,48.0,11.05888888888889,4,4000
154,38.0,10.748888888888889,24,10000
89,21.0,14.820833333333333,23,6000
121,44.0,9.666944444444445,18,10000
54,38.0,16.27,21,11000
109,60.0,11.716666666666669,11,4000
160,39.0,14.734444444444444,21,6000
103,71.0,12.5525,12,4000
28,56.0,18.145833333333332,22,9000
83,41.0,14.198611111111113,28,5600
146,71.0,22.195833333333333,21,6000
109,59.0,16.67972222222222,19,3200
221,38.0,14.843055555555557,22,3200
54,49.0,20.41861111111111,21,11000
140,42.0,14.496944444444445,22,6000
14,46.0,13.741388888888888,23,9000
160,26.0,12.946111111111112,21,6000
221,43.0,15.256944444444445,22,3200
189,29.0,9.356111111111112,21,6000
76,45.0,13.515833333333331,9,11000
161,21.0,8.544722222222223,24,3200
61,38.0,17.425555555555555,21,9000
92,60.0,13.507777777777775,15,4000
40,35.0,14.008888888888889,20,9000
201,42.0,12.4,23,10000
164,55.0,14.707777777777778,26,6000
97,52.0,17.233055555555556,28,5600
126,21.0,14.775,15,3200
159,47.0,13.65277777777778,22,3200
36,49.0,17.72388888888889,27,5600
52,65.0,18.110555555555557,13,6000
193,53.0,19.013333333333332,23,3200
89,25.0,12.67027777777778,23,6000
80,47.0,16.244722222222222,28,5600
159,66.0,20.352222222222224,22,3200
58,49.0,13.455833333333333,28,5600
102,32.0,17.104166666666668,20,3200
138,68.0,18.704166666666666,23,6000
160,32.0,9.098888888888888,21,6000
37,42.0,13.756666666666666,22,6000
99,23.0,10.733333333333333,18,4000
156,40.0,18.845833333333335,23,6000
109,66.0,13.279444444444444,17,4000
50,43.0,18.2675,18,11000
58,40.0,15.394166666666669,28,5600
166,47.0,11.905,24,10000
100,59.0,13.59,4,4000
201,49.0,12.239444444444445,23,10000
141,44.0,13.624166666666667,19,10000
164,32.0,11.930833333333334,26,6000
67,43.0,14.606944444444444,17,9000
100,24.0,11.105,4,4000
151,58.0,14.955555555555556,23,6000
140,41.0,8.154166666666667,19,10000
89,46.0,10.322777777777778,23,6000
103,52.0,12.951944444444443,17,3200
89,36.0,11.23611111111111,23,6000
143,39.0,12.488888888888887,27,10000
199,29.0,14.629444444444443,24,3200
60,45.0,14.223888888888888,27,5600
109,44.0,14.178611111111111,19,3200
161,41.0,17.217222222222222,24,3200
40,57.0,18.39361111111111,20,9000
193,59.0,20.26861111111111,23,3200
49,50.0,14.9975,10,11000
97,41.0,16.764722222222222,28,5600
38,40.0,18.689722222222223,18,6000
160,54.0,12.783055555555556,21,6000
109,65.0,13.072777777777778,11,4000
103,60.0,13.741944444444444,13,4000
79,41.0,15.796111111111111,9,11000
57,40.0,17.63083333333333,19,3200
151,46.0,13.403611111111111,23,6000
123,42.0,11.085277777777778,26,3200
164,48.0,15.806666666666668,26,6000
166,53.0,13.686388888888889,24,10000
63,46.0,15.965833333333334,8,11000
54,25.0,10.700277777777778,21,11000
166,57.0,16.883333333333333,24,10000
103,48.0,10.8575,13,4000
14,65.0,18.2375,23,9000
20,42.0,18.68777777777778,22,9000
124,57.0,14.4675,9,4000
83,41.0,17.753055555555555,28,5600
161,41.0,18.333055555555557,24,3200
99,77.0,16.865833333333335,18,4000
57,34.0,15.640833333333331,24,9000
172,56.0,16.113055555555555,22,10000
154,49.0,16.177777777777777,24,10000
68,44.0,18.10361111111111,22,9000
143,40.0,11.037777777777778,27,10000
128,32.0,12.612222222222222,21,10000
166,48.0,14.684444444444445,24,10000
55,28.0,10.501111111111111,26,9000
160,23.0,12.540833333333332,21,6000
58,58.0,16.352222222222224,28,5600
92,46.0,7.205277777777778,15,4000
52,48.0,19.453333333333333,13,6000
92,35.0,12.669166666666667,15,4000
124,77.0,14.505277777777778,9,4000
146,46.0,12.280277777777778,21,6000
103,57.0,15.702222222222222,17,3200
121,39.0,10.6075,18,10000
197,40.0,16.691388888888888,18,3200
189,43.0,13.516944444444444,21,6000
159,46.0,14.384722222222225,22,3200
66,38.0,10.644444444444444,6,11000
130,29.0,14.622777777777776,25,10000
156,37.0,12.5625,23,6000
201,28.0,13.451944444444443,23,10000
193,36.0,14.511944444444444,23,3200
123,25.0,20.363055555555555,26,3200
99,24.0,11.496666666666666,18,4000
42,36.0,16.019166666666667,20,6000
78,25.0,11.5725,19,4000
103,9.0,27.76861111111111,17,3200
109,69.0,12.601111111111113,11,4000
79,38.0,25.03527777777778,9,11000
138,36.0,9.82611111111111,23,6000
166,31.0,12.050555555555556,24,10000
38,35.0,26.183888888888887,18,6000
154,40.0,8.741111111111111,24,10000
91,46.0,18.46527777777778,28,5600
78,51.0,12.922777777777778,19,4000
109,59.0,11.109444444444444,17,4000
43,50.0,18.940555555555555,23,3200
189,50.0,14.651388888888889,21,6000
77,33.0,12.786666666666669,29,5600
55,40.0,13.436666666666667,28,5600
58,20.0,10.507222222222222,22,6000
221,44.0,15.716666666666669,22,3200
221,52.0,23.532777777777778,22,3200
38,54.0,18.488333333333333,18,6000
52,42.0,22.986944444444443,13,6000
103,45.0,12.586944444444445,17,3200
60,52.0,17.4,28,5600
83,35.0,13.283333333333331,28,5600
159,38.0,16.736666666666668,22,3200
60,60.0,15.251388888888888,27,5600
189,25.0,10.483333333333333,21,6000
92,33.0,12.36888888888889,15,4000
103,33.0,14.2325,17,3200
221,39.0,13.071111111111112,22,3200
65,50.0,25.974444444444444,9,11000
166,30.0,10.736944444444443,24,10000
102,65.0,18.940833333333337,20,3200
82,49.0,24.50583333333333,10,11000
130,57.0,15.97,25,10000
140,53.0,17.115555555555556,22,6000
63,53.0,15.158888888888889,21,9000
89,49.0,14.741666666666667,23,6000
146,42.0,10.112777777777778,21,6000
146,42.0,16.343611111111112,21,6000
109,49.0,9.797777777777778,11,4000
91,48.0,17.128888888888888,28,5600
140,43.0,12.734444444444444,19,10000
140,36.0,13.108888888888888,19,10000
99,37.0,14.412222222222224,18,4000
87,47.0,12.578055555555556,11,4000
55,55.0,19.94333333333333,21,11000
91,20.0,13.96888888888889,28,5600
159,46.0,25.802222222222223,22,3200
130,52.0,14.151944444444444,25,10000
201,33.0,10.4925,23,10000
159,33.0,20.912222222222223,22,3200
160,45.0,14.682777777777778,21,6000
166,29.0,13.518055555555556,24,10000
97,53.0,19.371666666666663,28,5600
146,58.0,12.785833333333333,21,6000
146,41.0,11.303333333333333,21,6000
77,27.0,11.711388888888887,29,5600
108,58.0,14.019722222222224,22,6000
102,51.0,15.443888888888887,20,3200
124,50.0,17.339444444444446,9,4000
170,48.0,15.832222222222224,26,10000
60,39.0,17.694444444444443,27,5600
146,47.0,14.139166666666666,21,6000
108,47.0,14.571111111111112,22,6000
159,40.0,14.088888888888889,22,3200
140,40.0,11.912222222222224,22,6000
108,51.0,11.94361111111111,22,6000
79,57.0,19.191666666666663,9,11000
76,35.0,17.90111111111111,9,11000
126,55.0,20.919722222222223,15,3200
63,43.0,16.175,8,11000
108,33.0,15.303888888888888,22,6000
54,52.0,18.184444444444445,21,11000
80,43.0,11.789166666666668,28,5600
55,45.0,14.571388888888889,21,11000
103,54.0,15.084444444444443,17,3200
159,39.0,16.018055555555556,22,3200
189,26.0,10.0,21,6000
156,47.0,12.136944444444444,23,6000
159,43.0,18.8125,22,3200
66,48.0,25.52,15,11000
108,39.0,12.638055555555557,22,6000
81,40.0,17.197222222222223,28,5600
166,41.0,15.601944444444444,24,10000
87,39.0,11.979444444444445,11,4000
79,38.0,15.524722222222222,9,11000
170,29.0,15.380277777777778,26,10000
221,40.0,12.401666666666667,22,3200
221,43.0,13.18361111111111,22,3200
166,25.0,12.542777777777776,24,10000
172,39.0,14.341388888888888,22,10000
99,33.0,12.840555555555556,18,4000
87,59.0,13.4725,11,4000
146,52.0,12.828611111111112,21,6000
43,27.0,16.65,23,3200
130,49.0,14.90972222222222,25,10000
108,24.0,13.649444444444445,22,6000
36,56.0,18.65888888888889,27,5600
170,54.0,15.558333333333334,26,10000
71,50.0,14.548055555555557,12,11000
100,50.0,9.639444444444443,4,4000
124,32.0,12.325555555555557,9,4000
75,50.0,19.093333333333337,17,6000
103,48.0,9.918333333333331,12,4000
103,45.0,13.18388888888889,13,4000
170,30.0,18.495555555555555,26,10000
103,29.0,10.444722222222222,12,4000
100,52.0,11.011111111111113,4,4000
83,55.0,18.060555555555556,28,5600
103,45.0,17.233888888888888,17,3200
55,62.0,21.10333333333333,21,11000
109,59.0,14.822222222222225,11,4000
140,42.0,16.121388888888887,19,10000
49,47.0,23.857222222222223,10,11000
66,29.0,12.130833333333332,6,11000
82,44.0,20.281666666666663,10,11000
123,47.0,14.15611111111111,26,3200
199,51.0,13.738888888888887,24,3200
92,48.0,10.934444444444445,15,4000
35,36.0,17.00777777777778,13,6000
109,65.0,13.713611111111112,11,4000
164,45.0,10.46111111111111,26,6000
97,39.0,14.2825,28,5600
97,47.0,15.29138888888889,18,3200
156,32.0,10.78472222222222,23,6000
201,44.0,10.480555555555556,23,10000
60,46.0,14.16638888888889,28,5600
138,43.0,11.613055555555556,23,6000
58,25.0,15.831388888888888,28,5600
140,42.0,21.123055555555556,22,6000
172,38.0,11.495833333333334,22,10000
197,53.0,22.764722222222225,18,3200
146,31.0,7.074166666666667,21,6000
121,48.0,11.596666666666666,18,10000
38,44.0,21.79888888888889,18,6000
160,33.0,12.002222222222224,21,6000
141,28.0,13.358611111111111,19,10000
121,48.0,10.929166666666667,18,10000
63,40.0,11.841388888888888,8,11000
57,29.0,10.894444444444444,24,9000
75,45.0,16.3175,17,6000
42,34.0,15.821111111111112,20,6000
67,54.0,16.70777777777778,17,9000
170,46.0,11.921388888888888,26,10000
189,37.0,11.633611111111112,21,6000
170,65.0,17.678333333333335,26,10000
103,27.0,9.103055555555557,12,4000
49,59.0,19.759722222222223,10,11000
199,36.0,21.185,24,3200
78,44.0,13.305555555555555,19,4000
124,32.0,14.585555555555556,9,4000
36,36.0,15.095555555555556,27,5600
89,35.0,11.928888888888888,23,6000
121,52.0,13.51722222222222,18,10000
108,42.0,7.878888888888889,22,6000
67,40.0,11.218333333333334,17,9000
123,49.0,18.126666666666665,26,3200
80,59.0,16.139166666666668,28,5600
197,38.0,13.975833333333334,18,3200
100,43.0,10.7825,15,4000
55,33.0,13.3325,28,5600
126,35.0,16.898611111111112,15,3200
55,33.0,15.045833333333333,21,11000
77,59.0,16.43777777777778,29,5600
160,57.0,14.246666666666666,21,6000
38,28.0,15.602777777777778,18,6000
128,41.0,10.205,21,10000
38,51.0,20.31305555555555,18,6000
40,36.0,11.699722222222222,28,5600
140,52.0,15.268611111111111,22,6000
128,32.0,10.813055555555556,21,10000
35,41.0,17.727222222222224,13,6000
100,52.0,14.017777777777775,4,4000
36,44.0,12.537222222222224,27,5600
100,38.0,9.693333333333332,15,4000
89,34.0,13.028611111111111,23,6000
141,44.0,12.501944444444444,19,10000
78,52.0,13.296388888888888,19,4000
100,67.0,9.912777777777778,15,4000
72,29.0,16.724166666666665,16,11000
123,40.0,23.533055555555556,26,3200
54,54.0,22.41027777777778,21,11000
199,43.0,9.613333333333332,24,3200
71,41.0,12.426388888888887,12,11000
128,43.0,16.3925,21,10000
154,32.0,12.17388888888889,24,10000
189,36.0,10.26722222222222,21,6000
201,34.0,18.166666666666668,23,10000
68,37.0,13.48611111111111,22,9000
156,41.0,9.30638888888889,23,6000
199,46.0,17.412222222222223,24,3200
130,32.0,13.75361111111111,25,10000
154,42.0,11.356388888888889,24,10000
121,40.0,10.235833333333334,18,10000
128,40.0,16.00138888888889,21,10000
199,40.0,24.146944444444443,24,3200
193,31.0,17.227777777777778,23,3200
197,62.0,11.743611111111113,18,3200
164,35.0,15.989722222222222,26,6000
81,59.0,15.849444444444444,28,5600
109,72.0,11.884166666666667,11,4000
124,33.0,6.924722222222222,9,4000
103,31.0,13.104722222222222,13,4000
100,30.0,12.521666666666668,15,4000
55,31.0,11.423055555555557,26,9000
99,48.0,11.379444444444443,18,4000
49,32.0,17.64472222222222,18,6000
63,38.0,12.640833333333331,21,9000
66,36.0,10.049166666666666,6,11000
109,43.0,16.523611111111112,17,4000
87,42.0,11.607222222222225,11,4000
82,57.0,20.22222222222222,10,11000
141,52.0,13.051111111111112,19,10000
138,48.0,9.614444444444445,23,6000
160,36.0,10.289444444444444,21,6000
37,50.0,22.885,22,6000
100,60.0,13.019722222222224,15,4000
14,52.0,13.792222222222222,19,6000
61,53.0,19.4875,21,9000
82,54.0,23.24361111111111,10,11000
128,32.0,10.92388888888889,21,10000
138,28.0,13.613055555555556,23,6000
14,59.0,22.40111111111111,19,6000
164,51.0,13.114166666666666,26,6000
140,62.0,16.17972222222222,19,10000
154,43.0,14.237222222222222,24,10000
103,41.0,20.46388888888889,17,3200
102,37.0,13.140277777777778,20,3200
57,21.0,11.081944444444444,19,3200
100,46.0,15.155277777777778,4,4000
68,38.0,19.33416666666667,22,9000
58,52.0,12.248055555555556,22,6000
97,39.0,17.504722222222224,28,5600
109,41.0,8.621944444444445,11,4000
79,52.0,19.604166666666668,9,11000
143,38.0,11.30888888888889,27,10000
201,32.0,13.354444444444445,23,10000
161,44.0,12.727777777777778,24,3200
172,55.0,17.529166666666665,22,10000
97,64.0,15.518611111111111,28,5600
78,55.0,11.43361111111111,19,4000
159,52.0,19.454722222222223,22,3200
100,44.0,8.871666666666666,4,4000
83,49.0,17.510277777777777,28,5600
123,56.0,17.2975,26,3200
141,55.0,15.887777777777778,19,10000
55,67.0,16.56972222222222,26,9000
91,43.0,12.904444444444444,28,5600
164,43.0,11.261944444444444,26,6000
103,35.0,11.984722222222222,17,3200
170,45.0,12.256944444444445,26,10000
75,38.0,24.012777777777774,17,6000
35,51.0,21.179166666666667,13,6000
154,32.0,15.616666666666667,24,10000
141,48.0,9.999444444444444,19,10000
172,45.0,13.881944444444445,22,10000
189,36.0,12.416944444444445,21,6000
76,48.0,22.176388888888887,9,11000
164,48.0,13.02111111111111,26,6000
100,57.0,9.149444444444445,15,4000
10,35.0,11.472777777777775,12,6000
146,37.0,7.94,21,6000
100,66.0,13.75388888888889,15,4000
161,54.0,19.64,24,3200
52,44.0,15.423333333333334,13,6000
82,62.0,21.721944444444443,10,11000
108,51.0,12.958333333333334,22,6000
79,45.0,18.016111111111112,9,11000
193,35.0,15.613611111111112,23,3200
79,66.0,20.5025,9,11000
67,57.0,17.831944444444446,17,9000
103,70.0,12.077222222222222,12,4000
140,62.0,16.181944444444444,19,10000
172,42.0,14.887222222222222,22,10000
189,42.0,12.734166666666669,21,6000
154,44.0,13.413055555555555,24,10000
79,54.0,20.428055555555556,9,11000
78,56.0,13.064722222222224,19,4000
156,46.0,11.577777777777778,23,6000
79,41.0,13.969166666666666,9,11000
50,38.0,11.101666666666668,18,9000
97,49.0,15.368611111111113,18,3200
166,39.0,12.522222222222222,24,10000
103,44.0,9.068888888888887,12,4000
92,42.0,11.756666666666666,15,4000
35,36.0,14.413333333333334,13,6000
87,45.0,12.697777777777778,11,4000
121,51.0,16.57027777777778,18,10000
221,64.0,17.6925,22,3200
89,40.0,11.502777777777778,23,6000
164,47.0,13.046666666666669,26,6000
72,35.0,9.839722222222225,16,11000
123,40.0,15.234444444444444,26,3200
102,39.0,17.16138888888889,20,3200
130,53.0,14.031666666666666,25,10000
130,40.0,13.029166666666669,25,10000
121,48.0,12.822222222222225,18,10000
87,56.0,11.753055555555555,11,4000
49,43.0,17.103055555555557,18,6000
92,39.0,10.362222222222222,15,4000
221,50.0,19.301388888888887,22,3200
166,57.0,12.676111111111112,24,10000
170,30.0,15.386944444444444,26,10000
154,35.0,13.854166666666666,24,10000
76,41.0,18.651666666666667,9,11000
79,39.0,20.697222222222223,9,11000
166,34.0,11.44,24,10000
97,65.0,19.170277777777777,18,3200
130,71.0,16.719166666666666,25,10000
89,43.0,12.338888888888889,23,6000
199,47.0,14.448055555555555,24,3200
189,33.0,8.742777777777778,21,6000
66,46.0,17.39611111111111,6,11000
146,28.0,12.321944444444444,21,6000
124,57.0,12.87888888888889,9,4000
55,36.0,15.230555555555556,28,5600
103,44.0,14.87,17,3200
100,35.0,11.135833333333334,4,4000
49,61.0,18.525833333333335,18,6000
76,67.0,19.441666666666663,9,11000
102,38.0,10.650833333333331,20,3200
201,29.0,13.56,23,10000
201,51.0,10.90277777777778,23,10000
109,48.0,23.261944444444445,19,3200
221,41.0,16.608888888888888,22,3200
42,52.0,15.158611111111112,20,6000
103,38.0,11.520555555555555,13,4000
36,37.0,15.849722222222224,27,5600
164,33.0,10.951944444444443,26,6000
108,40.0,11.216666666666669,22,6000
91,35.0,14.247777777777776,28,5600
92,42.0,11.3325,15,4000
166,46.0,13.401666666666667,24,10000
123,43.0,20.654166666666665,26,3200
159,29.0,21.30027777777778,22,3200
49,31.0,18.85333333333333,10,11000
159,28.0,9.573888888888888,22,3200
89,27.0,11.813888888888888,23,6000
156,53.0,10.323333333333334,23,6000
61,40.0,12.434444444444445,21,9000
156,38.0,13.575,23,6000
201,41.0,14.354444444444445,23,10000
97,40.0,16.281388888888888,28,5600
81,41.0,15.9625,28,5600
100,51.0,11.116388888888888,15,4000
50,52.0,18.583055555555557,18,9000
160,36.0,11.518888888888888,21,6000
28,53.0,16.971944444444443,22,9000
61,45.0,14.835277777777778,21,9000
126,35.0,13.903611111111111,15,3200
35,41.0,19.29138888888889,13,6000
172,42.0,13.861666666666666,22,10000
154,26.0,11.481111111111112,24,10000
83,50.0,13.963611111111112,25,3200
103,36.0,9.356944444444444,13,4000
58,57.0,12.946666666666667,22,6000
160,61.0,11.350555555555555,21,6000
103,46.0,7.6369444444444445,12,4000
109,45.0,15.179722222222225,19,3200
66,51.0,15.202777777777778,15,11000
160,48.0,10.83388888888889,21,6000
140,44.0,15.936944444444444,19,10000
103,47.0,9.75388888888889,17,3200
189,32.0,11.284444444444444,21,6000
160,54.0,12.423055555555557,21,6000
87,52.0,11.00361111111111,11,4000
71,47.0,21.13277777777778,12,11000
121,53.0,9.185,18,10000
140,57.0,13.610555555555557,19,10000
199,60.0,18.06388888888889,24,3200
55,65.0,18.740555555555556,26,9000
83,30.0,12.935277777777776,28,5600
199,58.0,19.195833333333333,24,3200
130,55.0,14.706111111111111,25,10000
189,41.0,10.084444444444443,21,6000
40,61.0,16.683333333333334,20,9000
67,38.0,17.83361111111111,17,9000
166,31.0,12.113055555555556,24,10000
126,54.0,13.358055555555556,15,3200
156,26.0,13.166666666666666,23,6000
76,57.0,17.544722222222223,9,11000
68,54.0,14.395277777777778,22,9000
156,46.0,11.485555555555557,23,6000
91,53.0,12.594166666666666,28,5600
197,33.0,22.66861111111111,18,3200
109,43.0,18.9225,19,3200
80,57.0,15.601666666666668,28,5600
161,39.0,15.044166666666667,24,3200
128,42.0,9.435,21,10000
172,49.0,12.740277777777775,22,10000
140,38.0,13.037222222222224,22,6000
81,52.0,15.65,28,5600
130,31.0,18.525555555555556,25,10000
140,42.0,11.47638888888889,22,6000
66,28.0,18.023055555555555,15,11000
201,65.0,15.726666666666668,23,10000
124,65.0,14.8875,9,4000
138,60.0,10.202777777777778,23,6000
166,57.0,15.801666666666666,24,10000
201,47.0,13.486944444444443,23,10000
72,63.0,20.78361111111111,16,11000
156,35.0,11.903333333333334,23,6000
54,31.0,10.546388888888888,21,11000
87,53.0,8.852777777777778,11,4000
87,39.0,9.205277777777775,11,4000
151,50.0,13.641944444444444,23,6000
124,55.0,11.493333333333334,9,4000
172,48.0,13.343333333333334,22,10000
40,36.0,14.446944444444444,28,5600
40,61.0,13.31638888888889,28,5600
103,39.0,14.212777777777776,13,4000
57,42.0,10.147777777777778,24,9000
96,39.0,7.795833333333333,12,4000
103,62.0,14.578611111111112,13,4000
109,48.0,11.373611111111112,17,4000
91,31.0,15.907222222222222,28,5600
138,38.0,10.358333333333333,23,6000
146,28.0,11.622777777777776,21,6000
60,43.0,16.055833333333332,28,5600
143,20.0,11.389722222222222,27,10000
99,49.0,12.738888888888887,18,4000
159,58.0,12.168055555555556,22,3200
61,38.0,14.390555555555556,21,9000
154,53.0,11.965833333333334,24,10000
151,32.0,13.006666666666666,23,6000
156,61.0,16.827222222222222,23,6000
143,52.0,15.5975,27,10000
103,47.0,11.182222222222222,12,4000
84,60.0,16.77722222222222,10,4000
140,55.0,12.073055555555555,22,6000
57,49.0,12.705555555555556,24,9000
50,41.0,12.158611111111112,18,9000
63,59.0,18.136944444444445,21,9000
63,49.0,14.266666666666667,8,11000
123,40.0,22.441388888888888,26,3200
140,28.0,10.276666666666667,19,10000
170,43.0,15.475277777777778,26,10000
75,33.0,16.803055555555556,17,6000
128,33.0,13.209444444444443,21,10000
164,36.0,10.293888888888889,26,6000
156,40.0,11.639722222222222,23,6000
109,47.0,11.932777777777778,11,4000
170,57.0,17.266111111111112,26,10000
108,31.0,10.54,22,6000
55,32.0,12.943888888888887,28,5600
143,43.0,13.353055555555557,27,10000
34,37.0,22.815555555555555,22,6000
143,46.0,17.233333333333334,27,10000
100,70.0,15.299444444444443,15,4000
75,43.0,26.81,17,6000
100,46.0,10.095555555555556,15,4000
197,32.0,19.039444444444445,18,3200
160,21.0,8.716944444444444,21,6000
146,34.0,13.427222222222222,21,6000
103,51.0,11.504444444444443,12,4000
128,29.0,11.3525,21,10000
172,51.0,17.142777777777777,22,10000
159,58.0,14.8075,22,3200
65,54.0,26.858333333333334,9,11000
14,38.0,9.594444444444443,23,9000
97,40.0,12.837222222222222,28,5600
197,34.0,12.400833333333331,18,3200
60,32.0,14.700555555555557,28,5600
57,39.0,16.258333333333333,24,9000
121,37.0,14.3525,18,10000
103,37.0,11.082222222222224,12,4000
91,25.0,17.479444444444443,28,5600
160,40.0,11.014722222222222,21,6000
140,34.0,14.5625,22,6000
109,36.0,11.738333333333332,11,4000
82,33.0,19.33222222222222,10,11000
160,54.0,9.509166666666667,21,6000
57,58.0,16.676944444444445,24,9000
109,35.0,14.290555555555557,19,3200
161,63.0,15.676111111111112,24,3200
89,36.0,12.649444444444445,23,6000
79,48.0,13.761388888888888,9,11000
72,47.0,16.125833333333333,16,11000
21,49.0,14.187777777777775,20,9000
143,47.0,13.72638888888889,27,10000
38,35.0,12.251944444444444,18,6000
160,20.0,13.112222222222222,21,6000
138,34.0,10.975,23,6000
78,45.0,10.551388888888887,19,4000
40,49.0,16.63861111111111,28,5600
140,37.0,15.340833333333334,19,10000
197,49.0,14.868611111111113,18,3200
130,36.0,11.310555555555556,25,10000
91,48.0,15.428888888888888,28,5600
97,34.0,17.701944444444443,18,3200
201,40.0,15.334166666666668,23,10000
193,57.0,13.596666666666666,23,3200
197,33.0,20.127777777777776,18,3200
166,43.0,9.426944444444445,24,10000
80,46.0,16.576944444444443,28,5600
172,41.0,11.329166666666667,22,10000
97,40.0,18.737222222222226,18,3200
143,64.0,13.297222222222222,27,10000
201,33.0,12.758055555555556,23,10000
189,29.0,12.651388888888889,21,6000
75,30.0,15.0575,17,6000
159,39.0,18.574166666666667,22,3200
130,36.0,15.571111111111112,25,10000
40,41.0,10.499444444444444,20,9000
78,36.0,7.557777777777778,19,4000
221,48.0,19.0875,22,3200
26,37.0,25.183055555555555,23,6000
100,60.0,16.38277777777778,15,4000
91,52.0,13.5975,28,5600
193,48.0,15.456111111111111,23,3200
140,37.0,14.830833333333333,22,6000
102,40.0,19.058888888888887,20,3200
141,50.0,13.180277777777778,19,10000
164,50.0,20.444166666666668,26,6000
151,53.0,18.16027777777778,23,6000
17,29.0,16.19472222222222,18,9000
166,36.0,12.399722222222222,24,10000
57,40.0,20.823333333333338,19,3200
58,37.0,14.351666666666668,22,6000
77,55.0,16.648333333333333,29,5600
170,46.0,19.23611111111111,26,10000
78,38.0,8.776666666666667,19,4000
103,75.0,25.601388888888888,17,3200
100,49.0,10.4275,15,4000
63,51.0,17.877777777777776,21,9000
49,75.0,25.419166666666666,18,6000
201,26.0,11.315,23,10000
103,39.0,13.748611111111112,12,4000
172,29.0,12.812777777777775,22,10000
151,51.0,15.829444444444444,23,6000
72,63.0,24.294166666666666,16,11000
141,35.0,13.719166666666666,19,10000
161,44.0,20.337777777777777,24,3200
221,57.0,14.350833333333334,22,3200
130,56.0,12.846388888888889,25,10000
151,34.0,17.09888888888889,23,6000
121,37.0,11.27138888888889,18,10000
164,31.0,17.036944444444444,26,6000
79,55.0,29.70638888888889,9,11000
100,62.0,13.145555555555555,15,4000
140,60.0,15.561388888888889,19,10000
66,51.0,9.9875,6,11000
109,43.0,12.49,17,4000
121,49.0,16.491944444444446,18,10000
197,24.0,13.749444444444444,18,3200
170,38.0,13.461666666666666,26,10000
221,51.0,18.218333333333337,22,3200
10,39.0,12.344166666666666,12,6000
89,59.0,15.624166666666667,23,6000
82,44.0,17.078611111111112,10,11000
170,46.0,11.806944444444444,26,10000
138,46.0,14.343333333333334,23,6000
140,36.0,11.443055555555556,19,10000
172,38.0,12.985,22,10000
68,40.0,13.971388888888889,22,9000
143,58.0,15.597777777777775,27,10000
76,32.0,15.86888888888889,9,11000
103,33.0,9.687222222222225,12,4000
128,36.0,9.69111111111111,21,10000
97,37.0,16.200555555555557,18,3200
189,66.0,14.300555555555556,21,6000
143,45.0,12.2425,27,10000
49,44.0,25.09861111111111,18,6000
143,52.0,13.014444444444443,27,10000
140,39.0,9.130277777777778,19,10000
40,42.0,14.360555555555557,28,5600
160,42.0,13.9975,21,6000
151,28.0,11.061388888888889,23,6000
109,39.0,12.863611111111112,11,4000
161,33.0,15.266111111111112,24,3200
44,59.0,17.094722222222224,29,5600
146,39.0,12.925277777777778,21,6000
100,53.0,11.716111111111111,4,4000
143,28.0,10.45,27,10000
61,51.0,12.250277777777775,21,9000
99,59.0,14.682222222222222,18,4000
161,56.0,12.823333333333334,24,3200
100,74.0,15.616388888888888,4,4000
83,40.0,18.28361111111111,25,3200
221,62.0,19.77861111111111,22,3200
221,36.0,13.370277777777778,22,3200
138,42.0,18.26,23,6000
49,32.0,15.200277777777778,18,6000
103,53.0,17.143055555555556,17,3200
92,42.0,9.859722222222222,15,4000
103,23.0,10.654166666666669,12,4000
151,55.0,16.326666666666668,23,6000
44,36.0,13.466666666666669,29,5600
197,44.0,13.96888888888889,18,3200
138,55.0,13.768055555555556,23,6000
109,33.0,12.23277777777778,11,4000
143,30.0,12.914166666666668,27,10000
89,43.0,11.788611111111113,23,6000
42,53.0,20.785,20,6000
221,43.0,20.323055555555555,22,3200
91,54.0,17.808333333333334,28,5600
103,53.0,17.464166666666667,17,3200
199,40.0,13.331944444444444,24,3200
199,48.0,23.71444444444445,24,3200
160,36.0,13.300555555555556,21,6000
140,33.0,12.632222222222222,19,10000
156,18.0,16.875,23,6000
197,64.0,20.147222222222226,18,3200
201,51.0,15.804444444444444,23,10000
77,46.0,18.05027777777778,29,5600
87,52.0,12.320555555555556,11,4000
156,56.0,12.853333333333332,23,6000
156,34.0,8.666944444444445,23,6000
17,40.0,13.0875,18,9000
44,41.0,16.078055555555554,29,5600
20,45.0,10.936666666666667,22,9000
100,34.0,10.385277777777778,4,4000
36,44.0,18.62527777777778,27,5600
49,42.0,13.03888888888889,10,11000
141,69.0,14.699166666666668,19,10000
38,41.0,16.711388888888887,18,6000
151,54.0,18.994722222222222,23,6000
77,35.0,15.348333333333333,29,5600
50,69.0,17.511666666666667,18,9000
221,40.0,15.477777777777778,22,3200
66,21.0,7.668055555555555,6,11000
141,53.0,14.373333333333331,19,10000
80,40.0,14.443055555555556,28,5600
54,40.0,20.3025,21,11000
166,53.0,15.693333333333332,24,10000
143,54.0,15.597777777777775,27,10000
109,33.0,12.868333333333334,11,4000
124,38.0,10.723611111111111,9,4000
58,51.0,13.602777777777778,28,5600
140,41.0,15.623888888888889,22,6000
128,28.0,12.365277777777775,21,10000
100,47.0,17.572777777777777,15,4000
193,30.0,22.34777777777778,23,3200
38,46.0,13.1325,18,6000
172,45.0,12.914166666666668,22,10000
126,45.0,17.378333333333334,15,3200
97,39.0,13.767777777777775,18,3200
67,51.0,13.658611111111112,17,9000
154,46.0,15.24638888888889,24,10000
189,35.0,13.3675,21,6000
197,55.0,18.88722222222222,18,3200
83,47.0,12.567777777777778,28,5600
221,47.0,14.330833333333333,22,3200
193,55.0,17.915555555555557,23,3200
166,64.0,17.7725,24,10000
21,51.0,16.55611111111111,20,9000
151,32.0,22.675555555555555,23,6000
103,29.0,7.455833333333333,13,4000
124,49.0,11.424166666666666,9,4000
161,39.0,15.115277777777775,24,3200
197,27.0,15.978055555555557,18,3200
80,47.0,18.093611111111112,28,5600
201,52.0,16.888333333333332,23,10000
164,57.0,15.427222222222222,26,6000
109,73.0,16.875,17,4000
193,36.0,15.750277777777775,23,3200
141,35.0,9.400277777777776,19,10000
193,31.0,24.04611111111111,23,3200
44,45.0,12.334444444444443,29,5600
221,47.0,14.634722222222225,22,3200
77,58.0,15.402222222222225,29,5600
193,40.0,20.26555555555555,23,3200
164,43.0,12.033055555555556,26,6000
87,36.0,12.52777777777778,11,4000
143,31.0,12.6,27,10000
154,49.0,11.524722222222222,24,10000
68,55.0,17.899166666666666,22,9000
91,47.0,14.951666666666666,28,5600
44,32.0,12.104444444444445,29,5600
189,39.0,10.950555555555557,21,6000
103,43.0,11.508888888888889,12,4000
221,38.0,19.05361111111111,22,3200
100,26.0,10.952222222222222,15,4000
96,57.0,13.490555555555556,12,4000
58,49.0,12.789444444444444,22,6000
189,26.0,12.316944444444443,21,6000
42,25.0,12.561666666666667,20,6000
124,57.0,13.120277777777778,9,4000
57,36.0,13.659444444444444,24,9000
166,52.0,13.4975,24,10000
193,33.0,15.719722222222222,23,3200
78,60.0,13.117222222222225,19,4000
57,67.0,17.816111111111113,19,3200
199,46.0,18.790555555555557,24,3200
197,41.0,24.06277777777778,18,3200
54,35.0,28.164166666666667,21,11000
103,33.0,13.126944444444444,17,3200
55,39.0,23.70138888888889,21,11000
172,39.0,10.749722222222225,22,10000
71,49.0,25.941388888888888,12,11000
197,58.0,21.14,18,3200
100,55.0,12.948888888888888,15,4000
151,32.0,16.086666666666666,23,6000
170,62.0,17.794444444444444,26,10000
161,63.0,25.12388888888889,24,3200
140,44.0,11.261111111111113,22,6000
166,44.0,13.332222222222224,24,10000
71,33.0,10.1625,12,11000
83,47.0,17.151666666666667,28,5600
199,45.0,15.129166666666666,24,3200
160,34.0,10.684722222222222,21,6000
161,54.0,16.789166666666667,24,3200
201,57.0,29.199166666666667,23,10000
130,46.0,14.858333333333333,25,10000
109,29.0,15.042222222222222,17,4000
172,40.0,14.953888888888889,22,10000
52,43.0,17.940555555555555,13,6000
76,32.0,25.03361111111111,9,11000
97,46.0,15.165,18,3200
103,63.0,12.578611111111112,12,4000
108,46.0,12.679444444444444,22,6000
96,32.0,12.508333333333333,12,4000
40,53.0,16.898888888888887,28,5600
197,39.0,12.864444444444445,18,3200
92,54.0,13.387222222222222,15,4000
124,41.0,12.382222222222222,9,4000
100,32.0,9.929166666666667,4,4000
199,60.0,20.122222222222224,24,3200
156,37.0,14.254166666666666,23,6000
66,31.0,10.306944444444444,6,11000
156,42.0,15.3625,23,6000
166,34.0,14.320277777777775,24,10000
109,55.0,16.669166666666666,19,3200
140,45.0,11.911944444444444,22,6000
193,34.0,9.855277777777776,23,3200
76,51.0,22.685833333333335,9,11000
159,58.0,20.545,22,3200
140,56.0,13.546111111111111,19,10000
92,66.0,13.181111111111113,15,4000
193,40.0,21.460555555555555,23,3200
166,30.0,9.965555555555556,24,10000
189,42.0,13.934444444444445,21,6000
91,51.0,17.695833333333333,28,5600
103,31.0,13.627777777777778,17,3200
138,52.0,10.2575,23,6000
44,66.0,15.213888888888889,29,5600
67,52.0,13.803888888888888,17,9000
97,48.0,16.217222222222222,18,3200
67,55.0,16.05611111111111,17,9000
103,48.0,6.193333333333333,12,4000
161,54.0,16.295,24,3200
57,49.0,15.414444444444444,24,9000
123,64.0,19.29222222222222,26,3200
161,41.0,19.72138888888889,24,3200
84,49.0,12.62888888888889,10,4000
42,35.0,16.483888888888888,20,6000
103,35.0,10.223055555555556,13,4000
164,36.0,13.674444444444443,26,6000
199,41.0,15.724722222222224,24,3200
60,46.0,15.873055555555556,28,5600
141,54.0,15.239444444444445,19,10000
44,29.0,15.7325,29,5600
89,36.0,13.983888888888888,23,6000
146,36.0,12.476666666666668,21,6000
100,54.0,13.1475,4,4000
76,52.0,20.455833333333334,9,11000
130,45.0,11.623611111111112,25,10000
82,53.0,17.17111111111111,10,11000
24,47.0,20.601111111111113,17,6000
189,29.0,16.28472222222222,21,6000
138,43.0,11.911388888888888,23,6000
71,56.0,21.31305555555555,12,11000
197,49.0,19.4875,18,3200
201,65.0,15.728055555555557,23,10000
124,46.0,10.1625,9,4000
160,40.0,12.38888888888889,21,6000
159,38.0,12.165833333333332,22,3200
80,27.0,17.865555555555556,28,5600
199,50.0,15.783888888888889,24,3200
164,45.0,11.579166666666667,26,6000
77,50.0,16.648055555555555,29,5600
128,35.0,8.5275,21,10000
154,43.0,12.784444444444444,24,10000
197,60.0,17.350277777777777,18,3200
170,43.0,12.90638888888889,26,10000
76,35.0,16.47361111111111,9,11000
109,54.0,12.62888888888889,11,4000
49,52.0,13.372777777777776,10,11000
138,28.0,14.85361111111111,23,6000
49,31.0,11.93138888888889,10,11000
151,21.0,15.102222222222222,23,6000
109,48.0,10.78472222222222,11,4000
66,24.0,12.815,15,11000
58,27.0,9.750277777777775,28,5600
143,49.0,13.111944444444443,27,10000
50,52.0,18.715,18,9000
161,55.0,15.050833333333332,24,3200
123,50.0,18.33361111111111,26,3200
109,40.0,16.634722222222223,19,3200
57,46.0,12.474722222222224,24,9000
103,52.0,11.8875,13,4000
92,48.0,10.812777777777775,15,4000
159,41.0,11.805833333333334,22,3200
83,50.0,14.571944444444444,25,3200
128,40.0,14.126666666666669,21,10000
75,32.0,23.041944444444443,17,6000
193,30.0,15.840555555555556,23,3200
54,47.0,18.424444444444443,21,11000
89,45.0,14.745833333333334,23,6000
83,31.0,8.035833333333333,25,3200
123,30.0,13.96861111111111,26,3200
172,23.0,9.87861111111111,22,10000
199,54.0,16.743333333333332,24,3200
63,35.0,12.823888888888888,8,11000
201,50.0,17.433611111111112,23,10000
221,48.0,15.567777777777778,22,3200
103,57.0,19.712222222222223,17,3200
201,51.0,19.768333333333334,23,10000
143,42.0,13.252222222222224,27,10000
121,36.0,9.642777777777775,18,10000
124,26.0,11.311388888888889,9,4000
83,28.0,15.363055555555556,25,3200
164,48.0,14.552777777777775,26,6000
154,45.0,10.69111111111111,24,10000
66,45.0,11.390277777777778,15,11000
109,57.0,19.77638888888889,19,3200
75,45.0,16.701944444444443,17,6000
126,40.0,17.333055555555557,15,3200
80,44.0,17.878611111111113,28,5600
97,40.0,14.113333333333332,18,3200
151,32.0,15.112222222222222,23,6000
160,53.0,10.56,21,6000
160,34.0,9.113333333333332,21,6000
126,36.0,14.004166666666666,15,3200
141,43.0,13.082777777777778,19,10000
146,29.0,10.415555555555557,21,6000
143,38.0,10.283333333333331,27,10000
50,51.0,20.64472222222222,18,11000
140,32.0,10.949722222222222,19,10000
201,59.0,15.262222222222222,23,10000
61,37.0,15.383055555555556,21,9000
58,45.0,14.008055555555556,22,6000
99,34.0,12.841666666666669,18,4000
140,65.0,14.56,19,10000
166,49.0,13.73611111111111,24,10000
151,45.0,15.483333333333333,23,6000
100,39.0,6.469166666666666,4,4000
159,49.0,14.860277777777778,22,3200
108,41.0,13.799444444444443,22,6000
108,41.0,12.081944444444444,22,6000
37,49.0,24.511388888888888,22,6000
50,52.0,16.525277777777777,18,11000
103,75.0,14.022222222222222,13,4000
75,49.0,16.558611111111112,17,6000
164,38.0,10.281666666666666,26,6000
164,35.0,16.13,26,6000
160,45.0,12.116666666666667,21,6000
128,42.0,13.723888888888888,21,10000
60,37.0,14.78,28,5600
103,42.0,12.994166666666668,17,3200
128,46.0,12.578888888888889,21,10000
20,60.0,16.398333333333333,22,9000
91,46.0,17.128888888888888,28,5600
81,51.0,13.47222222222222,28,5600
164,32.0,11.327222222222222,26,6000
81,46.0,15.56611111111111,28,5600
221,26.0,16.065277777777776,22,3200
199,54.0,19.275,24,3200
96,51.0,11.358888888888888,12,4000
52,38.0,14.106944444444444,13,6000
71,18.0,14.873333333333331,12,11000
123,60.0,17.44611111111111,26,3200
103,44.0,9.65972222222222,13,4000
109,46.0,11.539722222222222,11,4000
109,49.0,11.591944444444444,17,4000
160,31.0,7.259722222222222,21,6000
97,38.0,15.845277777777778,28,5600
124,41.0,11.65972222222222,9,4000
130,35.0,15.605,25,10000
72,53.0,29.423333333333332,16,11000
24,22.0,13.229166666666666,17,6000
58,30.0,11.046944444444444,22,6000
91,30.0,13.9475,28,5600
156,38.0,15.212777777777776,23,6000
166,27.0,10.765555555555556,24,10000
189,40.0,13.20111111111111,21,6000
170,45.0,11.355277777777776,26,10000
81,25.0,15.13111111111111,28,5600
61,43.0,11.460277777777778,21,9000
159,45.0,17.02722222222222,22,3200
197,47.0,15.591111111111111,18,3200
100,41.0,12.241388888888888,15,4000
55,48.0,25.565555555555555,21,11000
34,47.0,22.264166666666668,22,6000
154,37.0,13.27361111111111,24,10000
154,55.0,14.32611111111111,24,10000
193,56.0,20.169444444444444,23,3200
154,31.0,9.121944444444445,24,10000
58,41.0,10.425833333333332,28,5600
102,28.0,22.51222222222222,20,3200
109,55.0,17.24888888888889,19,3200
103,40.0,10.976666666666668,13,4000
65,53.0,19.860833333333332,9,11000
138,30.0,14.258055555555556,23,6000
138,72.0,20.77722222222222,23,6000
199,63.0,20.773611111111112,24,3200
60,50.0,15.91,28,5600
109,72.0,17.804444444444446,19,3200
172,58.0,17.608333333333334,22,10000
197,48.0,13.319722222222222,18,3200
138,45.0,11.273055555555556,23,6000
146,42.0,13.656666666666666,21,6000
146,74.0,13.563055555555556,21,6000
100,51.0,13.419722222222225,4,4000
189,42.0,14.150277777777776,21,6000
221,48.0,12.922777777777778,22,3200
28,55.0,16.77888888888889,22,9000
221,34.0,15.128055555555555,22,3200
77,55.0,14.905277777777778,29,5600
103,41.0,11.849166666666669,13,4000
103,39.0,12.533611111111112,17,3200
81,40.0,13.704166666666667,28,5600
156,51.0,12.034444444444444,23,6000
103,32.0,11.86111111111111,13,4000
123,46.0,19.571944444444444,26,3200
63,42.0,14.128333333333334,21,9000
166,53.0,10.829166666666667,24,10000
28,42.0,16.718611111111112,22,9000
156,64.0,17.177777777777777,23,6000
126,29.0,14.899722222222222,15,3200
164,48.0,13.040833333333332,26,6000
63,41.0,18.178333333333335,21,9000
14,62.0,15.358888888888888,23,9000
126,31.0,14.07611111111111,15,3200
99,50.0,12.167777777777776,18,4000
63,50.0,16.19333333333333,21,9000
193,57.0,17.176111111111112,23,3200
109,40.0,9.413055555555555,17,4000
189,39.0,14.633888888888889,21,6000
199,52.0,25.275555555555556,24,3200
66,51.0,9.922222222222222,6,11000
60,60.0,17.655277777777776,27,5600
130,35.0,10.261388888888888,25,10000
81,50.0,12.339722222222225,28,5600
66,51.0,16.489722222222223,15,11000
141,34.0,11.808333333333334,19,10000
199,68.0,13.99,24,3200
138,36.0,11.198055555555555,23,6000
141,57.0,12.492777777777778,19,10000
109,41.0,8.229722222222222,11,4000
109,40.0,9.7125,19,3200
130,59.0,18.474722222222223,25,10000
141,40.0,13.671388888888888,19,10000
38,30.0,19.888333333333332,18,6000
103,66.0,16.126666666666665,12,4000
102,43.0,15.96527777777778,20,3200
140,39.0,11.757222222222222,22,6000
159,49.0,16.95611111111111,22,3200
201,40.0,19.228055555555557,23,10000
189,43.0,12.651388888888889,21,6000
221,50.0,13.521666666666668,22,3200
143,51.0,16.33416666666667,27,10000
99,48.0,12.239444444444445,18,4000
141,30.0,14.67,19,10000
87,47.0,13.821944444444444,11,4000
84,62.0,14.570555555555556,10,4000
170,39.0,10.436388888888889,26,10000
34,44.0,13.479444444444445,22,6000
189,41.0,12.416944444444445,21,6000
140,38.0,8.652777777777779,22,6000
103,38.0,7.020277777777777,13,4000
172,50.0,12.59388888888889,22,10000
109,59.0,13.445555555555556,17,4000
92,28.0,9.7325,15,4000
193,35.0,20.376666666666665,23,3200
197,74.0,26.9875,18,3200
201,33.0,13.424166666666666,23,10000
199,39.0,13.7925,24,3200
156,31.0,9.578888888888889,23,6000
161,21.0,15.64861111111111,24,3200
154,33.0,12.907222222222222,24,10000
109,53.0,13.244166666666668,11,4000
43,38.0,11.69361111111111,23,3200
66,27.0,12.526666666666667,6,11000
81,36.0,17.36916666666667,28,5600
99,42.0,11.903333333333334,18,4000
60,47.0,19.231666666666666,27,5600
68,34.0,17.045555555555556,22,9000
199,69.0,18.621666666666663,24,3200
159,29.0,13.896666666666668,22,3200
146,45.0,13.683055555555557,21,6000
199,38.0,17.246388888888887,24,3200
37,66.0,25.459722222222226,22,6000
143,47.0,11.92,27,10000
82,38.0,15.373888888888889,10,11000
124,61.0,8.889722222222222,9,4000
84,47.0,11.713611111111112,10,4000
76,31.0,14.985833333333334,9,11000
199,52.0,13.590833333333334,24,3200
55,59.0,22.586388888888887,21,11000
193,50.0,16.607777777777777,23,3200
143,59.0,14.231111111111112,27,10000
17,53.0,18.673055555555557,18,9000
55,44.0,17.9625,26,9000
221,32.0,18.49388888888889,22,3200
100,68.0,11.970277777777778,15,4000
92,49.0,9.866388888888888,15,4000
172,37.0,14.601944444444444,22,10000
193,34.0,21.73027777777778,23,3200
130,43.0,19.21444444444445,25,10000
126,25.0,12.56861111111111,15,3200
121,49.0,12.671111111111111,18,10000
141,37.0,11.00611111111111,19,10000
80,44.0,12.725277777777778,28,5600
60,32.0,13.499722222222225,27,5600
49,30.0,14.199722222222222,10,11000
55,43.0,14.394722222222224,26,9000
82,62.0,19.56194444444445,10,11000
164,37.0,7.368888888888889,26,6000
42,66.0,20.266944444444444,20,6000
40,35.0,17.079722222222223,28,5600
60,55.0,13.859444444444444,28,5600
54,39.0,14.711944444444445,21,11000
103,35.0,12.989166666666666,13,4000
96,39.0,12.788611111111113,12,4000
164,42.0,17.036666666666665,26,6000
128,54.0,14.502222222222224,21,10000
84,53.0,9.515277777777778,10,4000
138,43.0,8.797222222222222,23,6000
97,37.0,13.510555555555555,18,3200
109,53.0,14.198611111111113,11,4000
76,68.0,22.69527777777778,9,11000
75,55.0,17.799722222222222,17,6000
82,46.0,19.249166666666667,10,11000
109,50.0,22.755,19,3200
103,61.0,16.7775,17,3200
100,65.0,12.328611111111112,15,4000
52,49.0,21.18722222222222,13,6000
109,68.0,11.954166666666667,11,4000
58,38.0,13.215,22,6000
82,37.0,16.537777777777777,10,11000
82,54.0,23.913333333333338,10,11000
67,44.0,11.551666666666666,17,9000
140,34.0,11.904166666666669,22,6000
189,42.0,14.268055555555556,21,6000
154,46.0,12.385,24,10000
100,67.0,16.49277777777778,4,4000
143,38.0,13.580833333333333,27,10000
154,36.0,14.293055555555556,24,10000
138,50.0,11.836666666666666,23,6000
108,41.0,12.551388888888887,22,6000
138,50.0,14.020555555555555,23,6000
199,33.0,17.276666666666667,24,3200
154,37.0,10.712777777777776,24,10000
78,45.0,16.41777777777778,19,4000
160,32.0,12.141388888888889,21,6000
83,37.0,14.32638888888889,28,5600
189,45.0,11.95111111111111,21,6000
146,45.0,10.035555555555556,21,6000
193,48.0,22.405277777777776,23,3200
52,23.0,12.407777777777778,13,6000
43,39.0,15.766666666666667,23,3200
50,64.0,15.26388888888889,18,9000
160,31.0,11.087222222222222,21,6000
201,37.0,10.168333333333331,23,10000
160,35.0,11.91638888888889,21,6000
92,59.0,10.421111111111111,15,4000
201,62.0,15.940555555555555,23,10000
159,31.0,12.127222222222224,22,3200
201,39.0,11.743055555555555,23,10000
102,44.0,17.2475,20,3200
164,48.0,15.072777777777778,26,6000
108,27.0,12.96,22,6000
63,40.0,15.886388888888888,8,11000
130,62.0,18.989722222222223,25,10000
96,49.0,7.876666666666667,12,4000
54,58.0,19.5,21,11000
160,19.0,10.249166666666667,21,6000
84,55.0,11.655833333333334,10,4000
83,54.0,15.01,25,3200
151,42.0,14.27777777777778,23,6000
21,61.0,16.674166666666668,20,9000
154,52.0,13.771944444444443,24,10000
100,31.0,10.976666666666668,4,4000
124,50.0,11.784444444444444,9,4000
143,43.0,15.278611111111111,27,10000
81,34.0,10.45,28,5600
